{
    "swagger": "2.0",
    "info": {
        "contact": {}
    },
    "paths": {
        "/api/v1/products": {
            "post": {
                "description": "Create new product item",
                "consumes": [
                    "application/json"
                ],
                "produces": [
                    "application/json"
                ],
                "tags": [
                    "Products"
                ],
                "summary": "Create product",
                "parameters": [
                    {
                        "description": "Product data",
                        "name": "CreateProductRequestDto",
                        "in": "body",
                        "required": true,
                        "schema": {
                            "$ref": "#/definitions/dtos.CreateProductRequestDto"
                        }
                    }
                ],
                "responses": {
                    "201": {
                        "description": "Created",
                        "schema": {
                            "$ref": "#/definitions/dtos.CreateProductResponseDto"
                        }
                    }
                }
            }
        },
        "/api/v1/products/{id}": {
            "get": {
                "description": "Get product by id",
                "consumes": [
                    "application/json"
                ],
                "produces": [
                    "application/json"
                ],
                "tags": [
                    "Products"
                ],
                "summary": "Get product",
                "parameters": [
                    {
                        "type": "string",
                        "description": "Product ID",
                        "name": "id",
                        "in": "path",
                        "required": true
                    }
                ],
                "responses": {
                    "200": {
                        "description": "OK",
                        "schema": {
                            "$ref": "#/definitions/dtos.GetProductByIdResponseDto"
                        }
                    }
                }
            }
        }
    },
    "definitions": {
        "dtos.CreateProductRequestDto": {
            "type": "object",
            "properties": {
                "description": {
                    "type": "string"
                },
                "name": {
                    "type": "string"
                },
                "price": {
                    "type": "number"
                }
            }
        },
        "dtos.CreateProductResponseDto": {
            "type": "object",
            "properties": {
                "productId": {
                    "type": "string"
                }
            }
        },
        "dtos.GetProductByIdResponseDto": {
            "type": "object",
            "properties": {
                "product": {
                    "$ref": "#/definitions/dtos.ProductDto"
                }
            }
        },
        "dtos.ProductDto": {
            "type": "object",
            "properties": {
                "createdAt": {
                    "type": "string"
                },
                "description": {
                    "type": "string"
                },
                "name": {
                    "type": "string"
                },
                "price": {
                    "type": "number"
                },
                "productId": {
                    "type": "string"
                },
                "updatedAt": {
                    "type": "string"
                }
            }
        }
    }
}